molecule_smi,pic50
COC(=N)c1ccc2ncc(C#Cc3cc(C(=O)Nc4ccc(CN5CCN(C)CC5)c(C(F)(F)F)c4)ccc3C)n2c1,7.953599356260181
Cc1ccc(C(=O)Nc2ccc(CN3CCN(C)CC3)c(C(F)(F)F)c2)cc1C#Cc1cnc2ccccn12,7.895027039385306
Cc1ccc(C(=O)Nc2ccc(CN3CCN(C)CC3)c(C(F)(F)F)c2)cc1C#Cc1cnc2ccc(C(F)(F)F)cn12,7.809318794101261
Cc1ccc(C(=O)Nc2ccc(CN3CCN(C)CC3)c(C(F)(F)F)c2)cc1C#Cc1cnc2cccnn12,7.8156235954152
Cc1ccc(C(=O)Nc2ccc(CN3CCN(C)CC3)c(C(F)(F)F)c2)cc1C#Cc1cncc2nccn12,7.39517470303611
Cc1ccc(C(=O)Nc2ccc(CN3CCN(C)CC3)c(C(F)(F)F)c2)cc1C#Cc1cnc2cnccn12,7.504765668975598
Cc1ccc(C(=O)Nc2ccc(CN3CCN(C)CC3)c(C(F)(F)F)c2)cc1C#Cc1cncn1C,8.023912113426778
Cc1ccc(C(=O)Nc2ccc(CN3CCN(C)CC3)c(C(F)(F)F)c2)cc1C#Cc1ccccn1,7.324706068943311
Cc1ccc(C(=O)Nc2ccc(CN3CCN(C)CC3)c(C(F)(F)F)c2)cc1C#Cc1cnccn1,7.598830799442229
Cc1ccc(C(=O)Nc2ccc(CN3CCN(C)CC3)c(C(F)(F)F)c2)cc1C#Cc1cnc2ccccc2n1,7.535382411674479
Cc1ccc(C(=O)Nc2ccc(CN3CCN(C)CC3)c(C(F)(F)F)c2)cc1C#Cc1cnc2[nH]ccc2n1,7.335973170939089
Cc1ccc(C(=O)Nc2ccc(CN3CCN(C)CC3)c(C(F)(F)F)c2)cc1C#Cc1cnc2cccnc2c1,7.862677062502549
Cc1ccc(C(=O)Nc2ccc(CN3CCN(C)CC3)c(C(F)(F)F)c2)cc1C#Cc1cnc2scnc2c1,7.207108574544281
Cc1ccc(C(=O)Nc2ccc(CN3CCN(C)CC3)c(C(F)(F)F)c2)cc1C#Cc1cnc2cn[nH]c2c1,7.952159904961957
Cc1ccc(C(=O)Nc2ccc(CN3CCN(C)CC3)c(C(F)(F)F)c2)cc1C#Cc1cccnc1,7.853222637161696
Cc1ccc(C(=O)Nc2ccc(CN3CCN(C)CC3)c(C(F)(F)F)c2)cc1C#Cc1ccncc1,7.492687019717327
Cc1ccc(C(=O)Nc2ccc(CN3CCN(C)CC3)c(C(F)(F)F)c2)cc1C#Cc1ccccc1,7.486652245676339
Cc1ccc(C(=O)Nc2ccc(CN3CCN(C)CC3)c(C(F)(F)F)c2)cc1C#Cc1cccc(C#N)c1,7.481614204696861
Cc1ccc(C(=O)Nc2ccc(CN3CCN(C)CC3)c(C(F)(F)F)c2)cc1C#Cc1cccc(F)c1,7.583178781559046
Cc1ccc(C(=O)Nc2ccc(CN3CCN(C)CC3)c(C(F)(F)F)c2)cc1C#Cc1ccc(F)cc1,7.446833442457256
Cc1ccc(C(=O)Nc2ccc(CN3CCN(C)CC3)c(C(F)(F)F)c2)cc1C#Cc1cncnc1,7.990955288619547
Cc1ccc(C(=O)Nc2ccc(CN3CCN(C)CC3)c(C(F)(F)F)c2)cc1C#Cc1cnc(Nc2ccccc2)nc1,7.804474037425129
Cc1ccc(C(=O)Nc2ccc(CN3CCN(C)CC3)c(C(F)(F)F)c2)cc1C#Cc1ccc(N)nc1,7.660237824218494
Cc1ccc(C(=O)Nc2ccc(CN3CCN(C)CC3)c(C(F)(F)F)c2)cc1C#Cc1ccccc1F,7.62986642763651
Cc1ccc(C(=O)Nc2ccc(CN3CCN(C)CC3)c(C(F)(F)F)c2)cc1C#Cc1cnc2nccn2c1,7.881847379181199
Cc1ccc(C(=O)Nc2ccc(CN3CCN(C)CC3)c(C(F)(F)F)c2)cc1C#Cc1cncc2nc[nH]c12,7.520205737431169
Cc1ncc(C#Cc2cc(C(=O)Nc3ccc(CN4CCN(C)CC4)c(C(F)(F)F)c3)ccc2C)s1,8.062090699568861
COC(=N)c1ccc2ncc(C#Cc3cc(C(=O)Nc4ccc(CN5CCN(CCO)CC5)c(C(F)(F)F)c4)ccc3C)n2c1,8.003019977598925
Cc1ccc(C(=O)Nc2ccc(CN3CCN(CCO)CC3)c(C(F)(F)F)c2)cc1C#Cc1cnc2ccccn12,8.008554803972599
Cc1ccc(C(=O)Nc2ccc(CN3CCN(CCO)CC3)c(C(F)(F)F)c2)cc1C#Cc1cnc2ccc(C(F)(F)F)cn12,7.8646123736516165
Cc1ccc(C(=O)Nc2ccc(CN3CCN(CCO)CC3)c(C(F)(F)F)c2)cc1C#Cc1cnc2cccnn12,7.924231865700685
Cc1ccc(C(=O)Nc2ccc(CN3CCN(CCO)CC3)c(C(F)(F)F)c2)cc1C#Cc1cncc2nccn12,7.508960694218615
Cc1ccc(C(=O)Nc2ccc(CN3CCN(CCO)CC3)c(C(F)(F)F)c2)cc1C#Cc1cnc2cnccn12,7.616768060990155
Cc1ccc(C(=O)Nc2ccc(CN3CCN(CCO)CC3)c(C(F)(F)F)c2)cc1C#Cc1cncn1C,8.045056845461117
Cc1ccc(C(=O)Nc2ccc(CN3CCN(CCO)CC3)c(C(F)(F)F)c2)cc1C#Cc1ccccn1,7.440575072568143
Cc1ccc(C(=O)Nc2ccc(CN3CCN(CCO)CC3)c(C(F)(F)F)c2)cc1C#Cc1cnccn1,7.664510363717241
Cc1ccc(C(=O)Nc2ccc(CN3CCN(CCO)CC3)c(C(F)(F)F)c2)cc1C#Cc1cnc2ccccc2n1,7.745294409854106
Cc1ccc(C(=O)Nc2ccc(CN3CCN(CCO)CC3)c(C(F)(F)F)c2)cc1C#Cc1cnc2[nH]ccc2n1,7.464759828870795
Cc1ccc(C(=O)Nc2ccc(CN3CCN(CCO)CC3)c(C(F)(F)F)c2)cc1C#Cc1cnc2cccnc2c1,7.993075939824856
Cc1ccc(C(=O)Nc2ccc(CN3CCN(CCO)CC3)c(C(F)(F)F)c2)cc1C#Cc1cnc2scnc2c1,7.288370432436625
Cc1ccc(C(=O)Nc2ccc(CN3CCN(CCO)CC3)c(C(F)(F)F)c2)cc1C#Cc1cnc2cn[nH]c2c1,7.994047143315573
Cc1ccc(C(=O)Nc2ccc(CN3CCN(CCO)CC3)c(C(F)(F)F)c2)cc1C#Cc1cccnc1,7.954483173032745
Cc1ccc(C(=O)Nc2ccc(CN3CCN(CCO)CC3)c(C(F)(F)F)c2)cc1C#Cc1ccncc1,7.616838865056584
Cc1ccc(C(=O)Nc2ccc(CN3CCN(CCO)CC3)c(C(F)(F)F)c2)cc1C#Cc1ccccc1,7.694766915794962
Cc1ccc(C(=O)Nc2ccc(CN3CCN(CCO)CC3)c(C(F)(F)F)c2)cc1C#Cc1cccc(C#N)c1,7.647469568034357
Cc1ccc(C(=O)Nc2ccc(CN3CCN(CCO)CC3)c(C(F)(F)F)c2)cc1C#Cc1cccc(F)c1,7.750235037395785
Cc1ccc(C(=O)Nc2ccc(CN3CCN(CCO)CC3)c(C(F)(F)F)c2)cc1C#Cc1ccc(F)cc1,7.616796521448229
Cc1ccc(C(=O)Nc2ccc(CN3CCN(CCO)CC3)c(C(F)(F)F)c2)cc1C#Cc1cncnc1,7.996161161460192
Cc1ccc(C(=O)Nc2ccc(CN3CCN(CCO)CC3)c(C(F)(F)F)c2)cc1C#Cc1cnc(Nc2ccccc2)nc1,7.8542950333922334
Cc1ccc(C(=O)Nc2ccc(CN3CCN(CCO)CC3)c(C(F)(F)F)c2)cc1C#Cc1ccc(N)nc1,7.690392412270267
Cc1ccc(C(=O)Nc2ccc(CN3CCN(CCO)CC3)c(C(F)(F)F)c2)cc1C#Cc1ccccc1F,7.823374789602504
Cc1ccc(C(=O)Nc2ccc(CN3CCN(CCO)CC3)c(C(F)(F)F)c2)cc1C#Cc1cnc2nccn2c1,7.901575335729438
Cc1ccc(C(=O)Nc2ccc(CN3CCN(CCO)CC3)c(C(F)(F)F)c2)cc1C#Cc1cncc2nc[nH]c12,7.653275578610172
Cc1ncc(C#Cc2cc(C(=O)Nc3ccc(CN4CCN(CCO)CC4)c(C(F)(F)F)c3)ccc2C)s1,8.081073285204276
COC(=N)c1ccc2ncc(C#Cc3cc(C(=O)Nc4ccc(CN5CCC(O)CC5)c(C(F)(F)F)c4)ccc3C)n2c1,8.111886011707947
Cc1ccc(C(=O)Nc2ccc(CN3CCC(O)CC3)c(C(F)(F)F)c2)cc1C#Cc1cnc2ccccn12,8.138546287962793
Cc1ccc(C(=O)Nc2ccc(CN3CCC(O)CC3)c(C(F)(F)F)c2)cc1C#Cc1cnc2ccc(C(F)(F)F)cn12,7.979769094538459
Cc1ccc(C(=O)Nc2ccc(CN3CCC(O)CC3)c(C(F)(F)F)c2)cc1C#Cc1cnc2cccnn12,8.04435883151647
Cc1ccc(C(=O)Nc2ccc(CN3CCC(O)CC3)c(C(F)(F)F)c2)cc1C#Cc1cncc2nccn12,7.652835328489063
Cc1ccc(C(=O)Nc2ccc(CN3CCC(O)CC3)c(C(F)(F)F)c2)cc1C#Cc1cnc2cnccn12,7.759700414999636
Cc1ccc(C(=O)Nc2ccc(CN3CCC(O)CC3)c(C(F)(F)F)c2)cc1C#Cc1cncn1C,8.165207952532668
Cc1ccc(C(=O)Nc2ccc(CN3CCC(O)CC3)c(C(F)(F)F)c2)cc1C#Cc1ccccn1,7.591814023904751
Cc1ccc(C(=O)Nc2ccc(CN3CCC(O)CC3)c(C(F)(F)F)c2)cc1C#Cc1cnccn1,7.813341282637739
Cc1ccc(C(=O)Nc2ccc(CN3CCC(O)CC3)c(C(F)(F)F)c2)cc1C#Cc1cnc2ccccc2n1,7.891383715108705
Cc1ccc(C(=O)Nc2ccc(CN3CCC(O)CC3)c(C(F)(F)F)c2)cc1C#Cc1cnc2[nH]ccc2n1,7.607114335314168
Cc1ccc(C(=O)Nc2ccc(CN3CCC(O)CC3)c(C(F)(F)F)c2)cc1C#Cc1cnc2cccnc2c1,8.120038043295287
Cc1ccc(C(=O)Nc2ccc(CN3CCC(O)CC3)c(C(F)(F)F)c2)cc1C#Cc1cnc2scnc2c1,7.420006182755984
Cc1ccc(C(=O)Nc2ccc(CN3CCC(O)CC3)c(C(F)(F)F)c2)cc1C#Cc1cnc2cn[nH]c2c1,8.103942381632036
Cc1ccc(C(=O)Nc2ccc(CN3CCC(O)CC3)c(C(F)(F)F)c2)cc1C#Cc1cccnc1,8.097771938361365
Cc1ccc(C(=O)Nc2ccc(CN3CCC(O)CC3)c(C(F)(F)F)c2)cc1C#Cc1ccncc1,7.7759288921339005
Cc1ccc(C(=O)Nc2ccc(CN3CCC(O)CC3)c(C(F)(F)F)c2)cc1C#Cc1ccccc1,7.8729100240596726
Cc1ccc(C(=O)Nc2ccc(CN3CCC(O)CC3)c(C(F)(F)F)c2)cc1C#Cc1cccc(C#N)c1,7.8121328315344565
Cc1ccc(C(=O)Nc2ccc(CN3CCC(O)CC3)c(C(F)(F)F)c2)cc1C#Cc1cccc(F)c1,7.922342523204769
Cc1ccc(C(=O)Nc2ccc(CN3CCC(O)CC3)c(C(F)(F)F)c2)cc1C#Cc1ccc(F)cc1,7.783486107860344
Cc1ccc(C(=O)Nc2ccc(CN3CCC(O)CC3)c(C(F)(F)F)c2)cc1C#Cc1cncnc1,8.121028066167494
Cc1ccc(C(=O)Nc2ccc(CN3CCC(O)CC3)c(C(F)(F)F)c2)cc1C#Cc1cnc(Nc2ccccc2)nc1,7.956694141843488
Cc1ccc(C(=O)Nc2ccc(CN3CCC(O)CC3)c(C(F)(F)F)c2)cc1C#Cc1ccc(N)nc1,7.834988353326387
Cc1ccc(C(=O)Nc2ccc(CN3CCC(O)CC3)c(C(F)(F)F)c2)cc1C#Cc1ccccc1F,7.998806441488869
Cc1ccc(C(=O)Nc2ccc(CN3CCC(O)CC3)c(C(F)(F)F)c2)cc1C#Cc1cnc2nccn2c1,8.02471008605344
Cc1ccc(C(=O)Nc2ccc(CN3CCC(O)CC3)c(C(F)(F)F)c2)cc1C#Cc1cncc2nc[nH]c12,7.799223121474687
Cc1ncc(C#Cc2cc(C(=O)Nc3ccc(CN4CCC(O)CC4)c(C(F)(F)F)c3)ccc2C)s1,8.196935115868131
COC(=N)c1ccc2ncc(C#Cc3cc(C(=O)Nc4ccc(Cn5ccnc5)c(C(F)(F)F)c4)ccc3C)n2c1,7.207521405443588
Cc1ccc(C(=O)Nc2ccc(Cn3ccnc3)c(C(F)(F)F)c2)cc1C#Cc1cnc2ccccn12,6.9692215272139615
Cc1ccc(C(=O)Nc2ccc(Cn3ccnc3)c(C(F)(F)F)c2)cc1C#Cc1cnc2ccc(C(F)(F)F)cn12,7.150289468163965
Cc1ccc(C(=O)Nc2ccc(Cn3ccnc3)c(C(F)(F)F)c2)cc1C#Cc1cnc2cccnn12,6.89248642472772
Cc1ccc(C(=O)Nc2ccc(Cn3ccnc3)c(C(F)(F)F)c2)cc1C#Cc1cncc2nccn12,6.513829786815744
Cc1ccc(C(=O)Nc2ccc(Cn3ccnc3)c(C(F)(F)F)c2)cc1C#Cc1cnc2cnccn12,6.606407742655063
Cc1ccc(C(=O)Nc2ccc(Cn3ccnc3)c(C(F)(F)F)c2)cc1C#Cc1cncn1C,7.335163011991623
Cc1ccc(C(=O)Nc2ccc(Cn3ccnc3)c(C(F)(F)F)c2)cc1C#Cc1ccccn1,6.423670005805102
Cc1ccc(C(=O)Nc2ccc(Cn3ccnc3)c(C(F)(F)F)c2)cc1C#Cc1cnccn1,6.702581709187649
Cc1ccc(C(=O)Nc2ccc(Cn3ccnc3)c(C(F)(F)F)c2)cc1C#Cc1cnc2ccccc2n1,6.584212277889269
Cc1ccc(C(=O)Nc2ccc(Cn3ccnc3)c(C(F)(F)F)c2)cc1C#Cc1cnc2[nH]ccc2n1,6.452655786860504
Cc1ccc(C(=O)Nc2ccc(Cn3ccnc3)c(C(F)(F)F)c2)cc1C#Cc1cnc2cccnc2c1,6.948029688879435
Cc1ccc(C(=O)Nc2ccc(Cn3ccnc3)c(C(F)(F)F)c2)cc1C#Cc1cnc2scnc2c1,6.413049068044105
Cc1ccc(C(=O)Nc2ccc(Cn3ccnc3)c(C(F)(F)F)c2)cc1C#Cc1cnc2cn[nH]c2c1,7.149216339211607
Cc1ccc(C(=O)Nc2ccc(Cn3ccnc3)c(C(F)(F)F)c2)cc1C#Cc1cccnc1,6.884726977778862
Cc1ccc(C(=O)Nc2ccc(Cn3ccnc3)c(C(F)(F)F)c2)cc1C#Cc1ccncc1,6.5504753068059784
Cc1ccc(C(=O)Nc2ccc(Cn3ccnc3)c(C(F)(F)F)c2)cc1C#Cc1ccccc1,6.4736145618097005
Cc1ccc(C(=O)Nc2ccc(Cn3ccnc3)c(C(F)(F)F)c2)cc1C#Cc1cccc(C#N)c1,6.559305472438049
Cc1ccc(C(=O)Nc2ccc(Cn3ccnc3)c(C(F)(F)F)c2)cc1C#Cc1cccc(F)c1,6.6208338108809635
Cc1ccc(C(=O)Nc2ccc(Cn3ccnc3)c(C(F)(F)F)c2)cc1C#Cc1ccc(F)cc1,6.5025779562852755
Cc1ccc(C(=O)Nc2ccc(Cn3ccnc3)c(C(F)(F)F)c2)cc1C#Cc1cncnc1,7.339062596083815
Cc1ccc(C(=O)Nc2ccc(Cn3ccnc3)c(C(F)(F)F)c2)cc1C#Cc1cnc(Nc2ccccc2)nc1,7.091071469108139
Cc1ccc(C(=O)Nc2ccc(Cn3ccnc3)c(C(F)(F)F)c2)cc1C#Cc1ccc(N)nc1,6.86714335092002
Cc1ccc(C(=O)Nc2ccc(Cn3ccnc3)c(C(F)(F)F)c2)cc1C#Cc1ccccc1F,6.633882873061671
Cc1ccc(C(=O)Nc2ccc(Cn3ccnc3)c(C(F)(F)F)c2)cc1C#Cc1cnc2nccn2c1,7.152260142781941
Cc1ccc(C(=O)Nc2ccc(Cn3ccnc3)c(C(F)(F)F)c2)cc1C#Cc1cncc2nc[nH]c12,6.596710159721697
Cc1ncc(C#Cc2cc(C(=O)Nc3ccc(Cn4ccnc4)c(C(F)(F)F)c3)ccc2C)s1,7.70958478773214
COC(=N)c1ccc2ncc(C#Cc3cc(C(=O)Nc4ccccc4)ccc3C)n2c1,6.823198089794582
Cc1ccc(C(=O)Nc2ccccc2)cc1C#Cc1cnc2ccccn12,6.421672548276377
Cc1ccc(C(=O)Nc2ccccc2)cc1C#Cc1cnc2ccc(C(F)(F)F)cn12,6.989513004688508
Cc1ccc(C(=O)Nc2ccccc2)cc1C#Cc1cnc2cccnn12,6.334700473545153
Cc1ccc(C(=O)Nc2ccccc2)cc1C#Cc1cncc2nccn12,5.844449878187005
Cc1ccc(C(=O)Nc2ccccc2)cc1C#Cc1cnc2cnccn12,5.949496426268091
Cc1ccc(C(=O)Nc2ccccc2)cc1C#Cc1cncn1C,6.989621871725289
Cc1ccc(C(=O)Nc2ccccc2)cc1C#Cc1ccccn1,5.694378576917579
Cc1ccc(C(=O)Nc2ccccc2)cc1C#Cc1cnccn1,6.0177559426368505
Cc1ccc(C(=O)Nc2ccccc2)cc1C#Cc1cnc2ccccc2n1,5.910945925955722
Cc1ccc(C(=O)Nc2ccccc2)cc1C#Cc1cnc2[nH]ccc2n1,5.758595242796116
Cc1ccc(C(=O)Nc2ccccc2)cc1C#Cc1cnc2cccnc2c1,6.408356100477703
Cc1ccc(C(=O)Nc2ccccc2)cc1C#Cc1cnc2scnc2c1,5.77130272163347
Cc1ccc(C(=O)Nc2ccccc2)cc1C#Cc1cnc2cn[nH]c2c1,6.742720041787401
Cc1ccc(C(=O)Nc2ccccc2)cc1C#Cc1cccnc1,6.2320183030854075
Cc1ccc(C(=O)Nc2ccccc2)cc1C#Cc1ccncc1,5.812752872139095
Cc1ccc(C(=O)Nc2ccccc2)cc1C#Cc1ccccc1,5.690637607817339
Cc1ccc(C(=O)Nc2ccccc2)cc1C#Cc1cccc(C#N)c1,5.830789243954299
Cc1ccc(C(=O)Nc2ccccc2)cc1C#Cc1cccc(F)c1,5.884535160762856
Cc1ccc(C(=O)Nc2ccccc2)cc1C#Cc1ccc(F)cc1,5.7462380049888875
Cc1ccc(C(=O)Nc2ccccc2)cc1C#Cc1cncnc1,7.017326777910112
Cc1ccc(C(=O)Nc2ccccc2)cc1C#Cc1cnc(Nc2ccccc2)nc1,6.729222984085684
Cc1ccc(C(=O)Nc2ccccc2)cc1C#Cc1ccc(N)nc1,6.30130891331262
Cc1ccc(C(=O)Nc2ccccc2)cc1C#Cc1ccccc1F,5.887903290149459
Cc1ccc(C(=O)Nc2ccccc2)cc1C#Cc1cnc2nccn2c1,6.746568200377096
Cc1ccc(C(=O)Nc2ccccc2)cc1C#Cc1cncc2nc[nH]c12,5.938370932405172
Cc1ncc(C#Cc2cc(C(=O)Nc3ccccc3)ccc2C)s1,7.636780699247752
COC(=N)c1ccc2ncc(C#Cc3cc(NC(=O)c4ccc(CN5CCN(C)CC5)c(C(F)(F)F)c4)ccc3C)n2c1,7.806352119143597
Cc1ccc(NC(=O)c2ccc(CN3CCN(C)CC3)c(C(F)(F)F)c2)cc1C#Cc1cnc2ccccn12,7.752644689512761
Cc1ccc(NC(=O)c2ccc(CN3CCN(C)CC3)c(C(F)(F)F)c2)cc1C#Cc1cnc2ccc(C(F)(F)F)cn12,7.625427136077174
Cc1ccc(NC(=O)c2ccc(CN3CCN(C)CC3)c(C(F)(F)F)c2)cc1C#Cc1cnc2cccnn12,7.673897995679524
Cc1ccc(NC(=O)c2ccc(CN3CCN(C)CC3)c(C(F)(F)F)c2)cc1C#Cc1cncc2nccn12,7.1389207106566905
Cc1ccc(NC(=O)c2ccc(CN3CCN(C)CC3)c(C(F)(F)F)c2)cc1C#Cc1cnc2cnccn12,7.264510156207468
Cc1ccc(NC(=O)c2ccc(CN3CCN(C)CC3)c(C(F)(F)F)c2)cc1C#Cc1cncn1C,7.902507435013533
Cc1ccc(NC(=O)c2ccc(CN3CCN(C)CC3)c(C(F)(F)F)c2)cc1C#Cc1ccccn1,7.033253701450997
Cc1ccc(NC(=O)c2ccc(CN3CCN(C)CC3)c(C(F)(F)F)c2)cc1C#Cc1cnccn1,7.316974966759608
Cc1ccc(NC(=O)c2ccc(CN3CCN(C)CC3)c(C(F)(F)F)c2)cc1C#Cc1cnc2ccccc2n1,7.380113914533334
Cc1ccc(NC(=O)c2ccc(CN3CCN(C)CC3)c(C(F)(F)F)c2)cc1C#Cc1cnc2[nH]ccc2n1,7.081016828903504
Cc1ccc(NC(=O)c2ccc(CN3CCN(C)CC3)c(C(F)(F)F)c2)cc1C#Cc1cnc2cccnc2c1,7.733141254355997
Cc1ccc(NC(=O)c2ccc(CN3CCN(C)CC3)c(C(F)(F)F)c2)cc1C#Cc1cnc2scnc2c1,6.911335539298914
Cc1ccc(NC(=O)c2ccc(CN3CCN(C)CC3)c(C(F)(F)F)c2)cc1C#Cc1cnc2cn[nH]c2c1,7.8282699112627085
Cc1ccc(NC(=O)c2ccc(CN3CCN(C)CC3)c(C(F)(F)F)c2)cc1C#Cc1cccnc1,7.665007843268951
Cc1ccc(NC(=O)c2ccc(CN3CCN(C)CC3)c(C(F)(F)F)c2)cc1C#Cc1ccncc1,7.223784474760633
Cc1ccc(NC(=O)c2ccc(CN3CCN(C)CC3)c(C(F)(F)F)c2)cc1C#Cc1ccccc1,7.263919659548881
Cc1ccc(NC(=O)c2ccc(CN3CCN(C)CC3)c(C(F)(F)F)c2)cc1C#Cc1cccc(C#N)c1,7.236193851510025
Cc1ccc(NC(=O)c2ccc(CN3CCN(C)CC3)c(C(F)(F)F)c2)cc1C#Cc1cccc(F)c1,7.347629618171615
Cc1ccc(NC(=O)c2ccc(CN3CCN(C)CC3)c(C(F)(F)F)c2)cc1C#Cc1ccc(F)cc1,7.1953629666355114
Cc1ccc(NC(=O)c2ccc(CN3CCN(C)CC3)c(C(F)(F)F)c2)cc1C#Cc1cncnc1,7.81903298860958
Cc1ccc(NC(=O)c2ccc(CN3CCN(C)CC3)c(C(F)(F)F)c2)cc1C#Cc1cnc(Nc2ccccc2)nc1,7.65863447461835
Cc1ccc(NC(=O)c2ccc(CN3CCN(C)CC3)c(C(F)(F)F)c2)cc1C#Cc1ccc(N)nc1,7.359793610239803
Cc1ccc(NC(=O)c2ccc(CN3CCN(C)CC3)c(C(F)(F)F)c2)cc1C#Cc1ccccc1F,7.421275102691599
Cc1ccc(NC(=O)c2ccc(CN3CCN(C)CC3)c(C(F)(F)F)c2)cc1C#Cc1cnc2nccn2c1,7.657173118794128
Cc1ccc(NC(=O)c2ccc(CN3CCN(C)CC3)c(C(F)(F)F)c2)cc1C#Cc1cncc2nc[nH]c12,7.298445203209167
Cc1ncc(C#Cc2cc(NC(=O)c3ccc(CN4CCN(C)CC4)c(C(F)(F)F)c3)ccc2C)s1,7.95361262238156
COC(=N)c1ccc2ncc(C#Cc3cc(NC(=O)c4ccc(CN5CCN(CCO)CC5)c(C(F)(F)F)c4)ccc3C)n2c1,7.853738936094897
Cc1ccc(NC(=O)c2ccc(CN3CCN(CCO)CC3)c(C(F)(F)F)c2)cc1C#Cc1cnc2ccccn12,7.856684709198529
Cc1ccc(NC(=O)c2ccc(CN3CCN(CCO)CC3)c(C(F)(F)F)c2)cc1C#Cc1cnc2ccc(C(F)(F)F)cn12,7.67414650406954
Cc1ccc(NC(=O)c2ccc(CN3CCN(CCO)CC3)c(C(F)(F)F)c2)cc1C#Cc1cnc2cccnn12,7.769376122330233
Cc1ccc(NC(=O)c2ccc(CN3CCN(CCO)CC3)c(C(F)(F)F)c2)cc1C#Cc1cncc2nccn12,7.233571131600553
Cc1ccc(NC(=O)c2ccc(CN3CCN(CCO)CC3)c(C(F)(F)F)c2)cc1C#Cc1cnc2cnccn12,7.352076738285137
Cc1ccc(NC(=O)c2ccc(CN3CCN(CCO)CC3)c(C(F)(F)F)c2)cc1C#Cc1cncn1C,7.916145316305501
Cc1ccc(NC(=O)c2ccc(CN3CCN(CCO)CC3)c(C(F)(F)F)c2)cc1C#Cc1ccccn1,7.135811694844347
Cc1ccc(NC(=O)c2ccc(CN3CCN(CCO)CC3)c(C(F)(F)F)c2)cc1C#Cc1cnccn1,7.373571325706539
Cc1ccc(NC(=O)c2ccc(CN3CCN(CCO)CC3)c(C(F)(F)F)c2)cc1C#Cc1cnc2ccccc2n1,7.554441971665337
Cc1ccc(NC(=O)c2ccc(CN3CCN(CCO)CC3)c(C(F)(F)F)c2)cc1C#Cc1cnc2[nH]ccc2n1,7.190132875410489
Cc1ccc(NC(=O)c2ccc(CN3CCN(CCO)CC3)c(C(F)(F)F)c2)cc1C#Cc1cnc2cccnc2c1,7.85089535840305
Cc1ccc(NC(=O)c2ccc(CN3CCN(CCO)CC3)c(C(F)(F)F)c2)cc1C#Cc1cnc2scnc2c1,6.991557375695888
Cc1ccc(NC(=O)c2ccc(CN3CCN(CCO)CC3)c(C(F)(F)F)c2)cc1C#Cc1cnc2cn[nH]c2c1,7.867222791547367
Cc1ccc(NC(=O)c2ccc(CN3CCN(CCO)CC3)c(C(F)(F)F)c2)cc1C#Cc1cccnc1,7.746984066371826
Cc1ccc(NC(=O)c2ccc(CN3CCN(CCO)CC3)c(C(F)(F)F)c2)cc1C#Cc1ccncc1,7.328514949787005
Cc1ccc(NC(=O)c2ccc(CN3CCN(CCO)CC3)c(C(F)(F)F)c2)cc1C#Cc1ccccc1,7.446373293154078
Cc1ccc(NC(=O)c2ccc(CN3CCN(CCO)CC3)c(C(F)(F)F)c2)cc1C#Cc1cccc(C#N)c1,7.374885867216547
Cc1ccc(NC(=O)c2ccc(CN3CCN(CCO)CC3)c(C(F)(F)F)c2)cc1C#Cc1cccc(F)c1,7.487256316970756
Cc1ccc(NC(=O)c2ccc(CN3CCN(CCO)CC3)c(C(F)(F)F)c2)cc1C#Cc1ccc(F)cc1,7.338157029042479
Cc1ccc(NC(=O)c2ccc(CN3CCN(CCO)CC3)c(C(F)(F)F)c2)cc1C#Cc1cncnc1,7.81403189223557
Cc1ccc(NC(=O)c2ccc(CN3CCN(CCO)CC3)c(C(F)(F)F)c2)cc1C#Cc1cnc(Nc2ccccc2)nc1,7.698099026119449
Cc1ccc(NC(=O)c2ccc(CN3CCN(CCO)CC3)c(C(F)(F)F)c2)cc1C#Cc1ccc(N)nc1,7.3929493883034105
Cc1ccc(NC(=O)c2ccc(CN3CCN(CCO)CC3)c(C(F)(F)F)c2)cc1C#Cc1ccccc1F,7.585239658089537
Cc1ccc(NC(=O)c2ccc(CN3CCN(CCO)CC3)c(C(F)(F)F)c2)cc1C#Cc1cnc2nccn2c1,7.664205242925527
Cc1ccc(NC(=O)c2ccc(CN3CCN(CCO)CC3)c(C(F)(F)F)c2)cc1C#Cc1cncc2nc[nH]c12,7.397902819194792
Cc1ncc(C#Cc2cc(NC(=O)c3ccc(CN4CCN(CCO)CC4)c(C(F)(F)F)c3)ccc2C)s1,7.969328039984356
COC(=N)c1ccc2ncc(C#Cc3cc(NC(=O)c4ccc(CN5CCC(O)CC5)c(C(F)(F)F)c4)ccc3C)n2c1,7.970226588321939
Cc1ccc(NC(=O)c2ccc(CN3CCC(O)CC3)c(C(F)(F)F)c2)cc1C#Cc1cnc2ccccn12,7.993126613323379
Cc1ccc(NC(=O)c2ccc(CN3CCC(O)CC3)c(C(F)(F)F)c2)cc1C#Cc1cnc2ccc(C(F)(F)F)cn12,7.785381697773887
Cc1ccc(NC(=O)c2ccc(CN3CCC(O)CC3)c(C(F)(F)F)c2)cc1C#Cc1cnc2cccnn12,7.89892882164296
Cc1ccc(NC(=O)c2ccc(CN3CCC(O)CC3)c(C(F)(F)F)c2)cc1C#Cc1cncc2nccn12,7.364251335537567
Cc1ccc(NC(=O)c2ccc(CN3CCC(O)CC3)c(C(F)(F)F)c2)cc1C#Cc1cnc2cnccn12,7.484589286673306
Cc1ccc(NC(=O)c2ccc(CN3CCC(O)CC3)c(C(F)(F)F)c2)cc1C#Cc1cncn1C,8.037899541591358
Cc1ccc(NC(=O)c2ccc(CN3CCC(O)CC3)c(C(F)(F)F)c2)cc1C#Cc1ccccn1,7.269206825947277
Cc1ccc(NC(=O)c2ccc(CN3CCC(O)CC3)c(C(F)(F)F)c2)cc1C#Cc1cnccn1,7.5122173727599115
Cc1ccc(NC(=O)c2ccc(CN3CCC(O)CC3)c(C(F)(F)F)c2)cc1C#Cc1cnc2ccccc2n1,7.701486283401993
Cc1ccc(NC(=O)c2ccc(CN3CCC(O)CC3)c(C(F)(F)F)c2)cc1C#Cc1cnc2[nH]ccc2n1,7.321308939198346
Cc1ccc(NC(=O)c2ccc(CN3CCC(O)CC3)c(C(F)(F)F)c2)cc1C#Cc1cnc2cccnc2c1,7.98408914526261
Cc1ccc(NC(=O)c2ccc(CN3CCC(O)CC3)c(C(F)(F)F)c2)cc1C#Cc1cnc2scnc2c1,7.1055962137528725
Cc1ccc(NC(=O)c2ccc(CN3CCC(O)CC3)c(C(F)(F)F)c2)cc1C#Cc1cnc2cn[nH]c2c1,7.9822853383981425
Cc1ccc(NC(=O)c2ccc(CN3CCC(O)CC3)c(C(F)(F)F)c2)cc1C#Cc1cccnc1,7.9002834314672485
Cc1ccc(NC(=O)c2ccc(CN3CCC(O)CC3)c(C(F)(F)F)c2)cc1C#Cc1ccncc1,7.4735638286210175
Cc1ccc(NC(=O)c2ccc(CN3CCC(O)CC3)c(C(F)(F)F)c2)cc1C#Cc1ccccc1,7.606105955832145
Cc1ccc(NC(=O)c2ccc(CN3CCC(O)CC3)c(C(F)(F)F)c2)cc1C#Cc1cccc(C#N)c1,7.5251411973558
Cc1ccc(NC(=O)c2ccc(CN3CCC(O)CC3)c(C(F)(F)F)c2)cc1C#Cc1cccc(F)c1,7.645235769154264
Cc1ccc(NC(=O)c2ccc(CN3CCC(O)CC3)c(C(F)(F)F)c2)cc1C#Cc1ccc(F)cc1,7.491050736199575
Cc1ccc(NC(=O)c2ccc(CN3CCC(O)CC3)c(C(F)(F)F)c2)cc1C#Cc1cncnc1,7.942603129952094
Cc1ccc(NC(=O)c2ccc(CN3CCC(O)CC3)c(C(F)(F)F)c2)cc1C#Cc1cnc(Nc2ccccc2)nc1,7.80700493572122
Cc1ccc(NC(=O)c2ccc(CN3CCC(O)CC3)c(C(F)(F)F)c2)cc1C#Cc1ccc(N)nc1,7.51925350757917
Cc1ccc(NC(=O)c2ccc(CN3CCC(O)CC3)c(C(F)(F)F)c2)cc1C#Cc1ccccc1F,7.748756404762325
Cc1ccc(NC(=O)c2ccc(CN3CCC(O)CC3)c(C(F)(F)F)c2)cc1C#Cc1cnc2nccn2c1,7.7946551022608075
Cc1ccc(NC(=O)c2ccc(CN3CCC(O)CC3)c(C(F)(F)F)c2)cc1C#Cc1cncc2nc[nH]c12,7.536589088819671
Cc1ncc(C#Cc2cc(NC(=O)c3ccc(CN4CCC(O)CC4)c(C(F)(F)F)c3)ccc2C)s1,8.083462112595832
COC(=N)c1ccc2ncc(C#Cc3cc(NC(=O)c4ccc(Cn5ccnc5)c(C(F)(F)F)c4)ccc3C)n2c1,7.066219916666819
Cc1ccc(NC(=O)c2ccc(Cn3ccnc3)c(C(F)(F)F)c2)cc1C#Cc1cnc2ccccn12,6.822166292137538
Cc1ccc(NC(=O)c2ccc(Cn3ccnc3)c(C(F)(F)F)c2)cc1C#Cc1cnc2ccc(C(F)(F)F)cn12,6.97304535172636
Cc1ccc(NC(=O)c2ccc(Cn3ccnc3)c(C(F)(F)F)c2)cc1C#Cc1cnc2cccnn12,6.749871673691293
Cc1ccc(NC(=O)c2ccc(Cn3ccnc3)c(C(F)(F)F)c2)cc1C#Cc1cncc2nccn12,6.292136855822745
Cc1ccc(NC(=O)c2ccc(Cn3ccnc3)c(C(F)(F)F)c2)cc1C#Cc1cnc2cnccn12,6.406095807919159
Cc1ccc(NC(=O)c2ccc(Cn3ccnc3)c(C(F)(F)F)c2)cc1C#Cc1cncn1C,7.186687578846913
Cc1ccc(NC(=O)c2ccc(Cn3ccnc3)c(C(F)(F)F)c2)cc1C#Cc1ccccn1,6.167468518728757
Cc1ccc(NC(=O)c2ccc(Cn3ccnc3)c(C(F)(F)F)c2)cc1C#Cc1cnccn1,6.468934243335776
Cc1ccc(NC(=O)c2ccc(Cn3ccnc3)c(C(F)(F)F)c2)cc1C#Cc1cnc2ccccc2n1,6.439056026385346
Cc1ccc(NC(=O)c2ccc(Cn3ccnc3)c(C(F)(F)F)c2)cc1C#Cc1cnc2[nH]ccc2n1,6.238065070625665
Cc1ccc(NC(=O)c2ccc(Cn3ccnc3)c(C(F)(F)F)c2)cc1C#Cc1cnc2cccnc2c1,6.808120824691924
Cc1ccc(NC(=O)c2ccc(Cn3ccnc3)c(C(F)(F)F)c2)cc1C#Cc1cnc2scnc2c1,6.1392940921143175
Cc1ccc(NC(=O)c2ccc(Cn3ccnc3)c(C(F)(F)F)c2)cc1C#Cc1cnc2cn[nH]c2c1,7.012168589834249
Cc1ccc(NC(=O)c2ccc(Cn3ccnc3)c(C(F)(F)F)c2)cc1C#Cc1cccnc1,6.716027954800367
Cc1ccc(NC(=O)c2ccc(Cn3ccnc3)c(C(F)(F)F)c2)cc1C#Cc1ccncc1,6.3174982091116485
Cc1ccc(NC(=O)c2ccc(Cn3ccnc3)c(C(F)(F)F)c2)cc1C#Cc1ccccc1,6.291131407228004
Cc1ccc(NC(=O)c2ccc(Cn3ccnc3)c(C(F)(F)F)c2)cc1C#Cc1cccc(C#N)c1,6.334131264383663
Cc1ccc(NC(=O)c2ccc(Cn3ccnc3)c(C(F)(F)F)c2)cc1C#Cc1cccc(F)c1,6.414177074004375
Cc1ccc(NC(=O)c2ccc(Cn3ccnc3)c(C(F)(F)F)c2)cc1C#Cc1ccc(F)cc1,6.277256818223757
Cc1ccc(NC(=O)c2ccc(Cn3ccnc3)c(C(F)(F)F)c2)cc1C#Cc1cncnc1,7.168094916912841
Cc1ccc(NC(=O)c2ccc(Cn3ccnc3)c(C(F)(F)F)c2)cc1C#Cc1cnc(Nc2ccccc2)nc1,6.963883205263214
Cc1ccc(NC(=O)c2ccc(Cn3ccnc3)c(C(F)(F)F)c2)cc1C#Cc1ccc(N)nc1,6.59776721699939
Cc1ccc(NC(=O)c2ccc(Cn3ccnc3)c(C(F)(F)F)c2)cc1C#Cc1ccccc1F,6.450324863774909
Cc1ccc(NC(=O)c2ccc(Cn3ccnc3)c(C(F)(F)F)c2)cc1C#Cc1cnc2nccn2c1,6.96410498858894
Cc1ccc(NC(=O)c2ccc(Cn3ccnc3)c(C(F)(F)F)c2)cc1C#Cc1cncc2nc[nH]c12,6.412776495526935
Cc1ncc(C#Cc2cc(NC(=O)c3ccc(Cn4ccnc4)c(C(F)(F)F)c3)ccc2C)s1,7.5720003774678375
COC(=N)c1ccc2ncc(C#Cc3cc(NC(=O)Nc4ccc(CN5CCN(C)CC5)c(C(F)(F)F)c4)nn3C)n2c1,7.860890763833156
CN1CCN(Cc2ccc(NC(=O)Nc3cc(C#Cc4cnc5ccccn45)n(C)n3)cc2C(F)(F)F)CC1,7.865560824201596
CN1CCN(Cc2ccc(NC(=O)Nc3cc(C#Cc4cnc5ccc(C(F)(F)F)cn45)n(C)n3)cc2C(F)(F)F)CC1,7.732024586301789
CN1CCN(Cc2ccc(NC(=O)Nc3cc(C#Cc4cnc5cccnn45)n(C)n3)cc2C(F)(F)F)CC1,7.793140527693844
CN1CCN(Cc2ccc(NC(=O)Nc3cc(C#Cc4cncc5nccn45)n(C)n3)cc2C(F)(F)F)CC1,7.45847739485453
CN1CCN(Cc2ccc(NC(=O)Nc3cc(C#Cc4cnc5cnccn45)n(C)n3)cc2C(F)(F)F)CC1,7.553269308238332
CN1CCN(Cc2ccc(NC(=O)Nc3cc(C#Cc4cncn4C)n(C)n3)cc2C(F)(F)F)CC1,7.86756801921767
CN1CCN(Cc2ccc(NC(=O)Nc3cc(C#Cc4ccccn4)n(C)n3)cc2C(F)(F)F)CC1,7.372983991321072
CN1CCN(Cc2ccc(NC(=O)Nc3cc(C#Cc4cnccn4)n(C)n3)cc2C(F)(F)F)CC1,7.561628198764847
CN1CCN(Cc2ccc(NC(=O)Nc3cc(C#Cc4cnc5ccccc5n4)n(C)n3)cc2C(F)(F)F)CC1,7.6935758186295296
CN1CCN(Cc2ccc(NC(=O)Nc3cc(C#Cc4cnc5[nH]ccc5n4)n(C)n3)cc2C(F)(F)F)CC1,7.404788784605185
CN1CCN(Cc2ccc(NC(=O)Nc3cc(C#Cc4cnc5cccnc5c4)n(C)n3)cc2C(F)(F)F)CC1,7.847016406214747
CN1CCN(Cc2ccc(NC(=O)Nc3cc(C#Cc4cnc5scnc5c4)n(C)n3)cc2C(F)(F)F)CC1,7.23581719393006
CN1CCN(Cc2ccc(NC(=O)Nc3cc(C#Cc4cnc5cn[nH]c5c4)n(C)n3)cc2C(F)(F)F)CC1,7.804045433724532
CN1CCN(Cc2ccc(NC(=O)Nc3cc(C#Cc4cccnc4)n(C)n3)cc2C(F)(F)F)CC1,7.790056925759375
CN1CCN(Cc2ccc(NC(=O)Nc3cc(C#Cc4ccncc4)n(C)n3)cc2C(F)(F)F)CC1,7.507792118608081
CN1CCN(Cc2ccc(NC(=O)Nc3cc(C#Cc4ccccc4)n(C)n3)cc2C(F)(F)F)CC1,7.627780638564127
CN1CCN(Cc2ccc(NC(=O)Nc3cc(C#Cc4cccc(C#N)c4)n(C)n3)cc2C(F)(F)F)CC1,7.578226276211017
CN1CCN(Cc2ccc(NC(=O)Nc3cc(C#Cc4cccc(F)c4)n(C)n3)cc2C(F)(F)F)CC1,7.665668141322002
CN1CCN(Cc2ccc(NC(=O)Nc3cc(C#Cc4ccc(F)cc4)n(C)n3)cc2C(F)(F)F)CC1,7.548764765872678
CN1CCN(Cc2ccc(NC(=O)Nc3cc(C#Cc4cncnc4)n(C)n3)cc2C(F)(F)F)CC1,7.828635578015368
CN1CCN(Cc2ccc(NC(=O)Nc3cc(C#Cc4cnc(Nc5ccccc5)nc4)n(C)n3)cc2C(F)(F)F)CC1,7.729188104442308
CN1CCN(Cc2ccc(NC(=O)Nc3cc(C#Cc4ccc(N)nc4)n(C)n3)cc2C(F)(F)F)CC1,7.5655778007623535
CN1CCN(Cc2ccc(NC(=O)Nc3cc(C#Cc4ccccc4F)n(C)n3)cc2C(F)(F)F)CC1,7.742078917991974
CN1CCN(Cc2ccc(NC(=O)Nc3cc(C#Cc4cnc5nccn5c4)n(C)n3)cc2C(F)(F)F)CC1,7.741730528048553
CN1CCN(Cc2ccc(NC(=O)Nc3cc(C#Cc4cncc5nc[nH]c45)n(C)n3)cc2C(F)(F)F)CC1,7.585321491547578
Cc1ncc(C#Cc2cc(NC(=O)Nc3ccc(CN4CCN(C)CC4)c(C(F)(F)F)c3)nn2C)s1,7.8593095501448484
